<?xml version="1.0" encoding="UTF-8"?>
<project-private xmlns="http://www.netbeans.org/ns/project-private/1">
    <editor-bookmarks xmlns="http://www.netbeans.org/ns/editor-bookmarks/2" lastBookmarkId="0"/>
    <open-files xmlns="http://www.netbeans.org/ns/projectui-open-files/2">
        <group>
            <file>file:/C:/Users/Chandana.P/OneDrive/Documents/NetBeansProjects/RailwayManagementSystem/src/railwaymanagementsystem/Payment_Details.java</file>
            <file>file:/C:/Users/Chandana.P/OneDrive/Documents/NetBeansProjects/RailwayManagementSystem/src/railwaymanagementsystem/Railway.java</file>
            <file>file:/C:/Users/Chandana.P/OneDrive/Documents/NetBeansProjects/RailwayManagementSystem/src/railwaymanagementsystem/conn.java</file>
            <file>file:/C:/Users/Chandana.P/OneDrive/Documents/NetBeansProjects/RailwayManagementSystem/src/railwaymanagementsystem/Journey_Details.java</file>
            <file>file:/C:/Users/Chandana.P/OneDrive/Documents/NetBeansProjects/RailwayManagementSystem/src/railwaymanagementsystem/Cancel.java</file>
            <file>file:/C:/Users/Chandana.P/OneDrive/Documents/NetBeansProjects/RailwayManagementSystem/src/railwaymanagementsystem/Train_info.java</file>
            <file>file:/C:/Users/Chandana.P/OneDrive/Documents/NetBeansProjects/RailwayManagementSystem/src/railwaymanagementsystem/login.java</file>
            <file>file:/C:/Users/Chandana.P/OneDrive/Documents/NetBeansProjects/RailwayManagementSystem/src/railwaymanagementsystem/Add_customer.java</file>
            <file>file:/C:/Users/Chandana.P/OneDrive/Documents/NetBeansProjects/RailwayManagementSystem/src/railwaymanagementsystem/Mainframe.java</file>
            <file>file:/C:/Users/Chandana.P/OneDrive/Documents/NetBeansProjects/RailwayManagementSystem/src/railwaymanagementsystem/Practice.java</file>
        </group>
    </open-files>
</project-private>
